{"cameraMode":{"drawMode":0,"name":"Shaded","section":"Shading Mode"},"sceneLighting":false,"audioPlay":false,"sceneViewState":{"showFog":true,"showMaterialUpdate":false,"showSkybox":true,"showFlares":true,"showImageEffects":true,"showParticleSystems":true},"in2DMode":false,"pivot":{"x":-0.07100000977516175,"y":0.4490000009536743,"z":5.800000190734863},"rotation":{"x":-0.037800196558237079,"y":-0.008396494202315808,"z":0.0003178176120854914,"w":-0.999250054359436},"size":0.571576714515686,"orthographic":false}