{"cameraMode":{"drawMode":0,"name":"Shaded","section":"Shading Mode"},"sceneLighting":false,"audioPlay":false,"sceneViewState":{"showFog":true,"showMaterialUpdate":false,"showSkybox":true,"showFlares":true,"showImageEffects":true,"showParticleSystems":true},"in2DMode":false,"pivot":{"x":-0.1459999978542328,"y":-0.18400000035762788,"z":5.800000190734863},"rotation":{"x":-0.004810499493032694,"y":-0.009902743622660637,"z":0.00004782859468832612,"w":-0.9999394416809082},"size":0.5715769529342651,"orthographic":false}