{"cameraMode":{"drawMode":0,"name":"Shaded","section":"Shading Mode"},"sceneLighting":false,"audioPlay":false,"sceneViewState":{"showFog":true,"showMaterialUpdate":false,"showSkybox":true,"showFlares":true,"showImageEffects":true,"showParticleSystems":true},"in2DMode":false,"pivot":{"x":-0.5559999942779541,"y":0.44200000166893008,"z":5.800000190734863},"rotation":{"x":-0.0318005234003067,"y":0.01708793267607689,"z":-0.0005435690400190651,"w":-0.9993480443954468},"size":0.5715766549110413,"orthographic":false}