{"cameraMode":{"drawMode":0,"name":"Shaded","section":"Shading Mode"},"sceneLighting":false,"audioPlay":false,"sceneViewState":{"showFog":true,"showMaterialUpdate":false,"showSkybox":true,"showFlares":true,"showImageEffects":true,"showParticleSystems":true},"in2DMode":false,"pivot":{"x":0.039999961853027347,"y":-0.28000009059906008,"z":5.750329494476318},"rotation":{"x":-0.0318005234003067,"y":0.01708793267607689,"z":-0.0005435690400190651,"w":-0.9993480443954468},"size":29.572723388671876,"orthographic":false}